"Reference","Qty","Value","DNP","Exclude from BOM","Exclude from Board","Footprint"
"C1,C3,C8","3","100n","","","","Capacitor_SMD:C_0402_1005Metric_Pad0.74x0.62mm_HandSolder"
"C2","1","10u","","","","Capacitor_SMD:C_0603_1608Metric"
"C4,C7","2","1u","","","","Capacitor_SMD:C_0603_1608Metric"
"C5,C6","2","22u","","","","Capacitor_SMD:C_0805_2012Metric"
"C9","1","0.1u","","","","Capacitor_SMD:C_0402_1005Metric_Pad0.74x0.62mm_HandSolder"
"D1","1","1N5817","","","","Diode_SMD:D_SOD-123"
"D2,D4,D6","3","ESD3.3","","","","Diode_SMD:D_SOD-923"
"D3","1","GREEN","","","","LED_SMD:LED_0603_1608Metric"
"D5,D7,D8","3","SK6812","","","","LED_SMD:LED_SK6812_PLCC4_5.0x5.0mm_P3.2mm"
"F1","1","Polyfuse 1A","","","","Fuse:Fuse_1206_3216Metric"
"FB1","1","BLM21PG220","","","","Inductor_SMD:L_0805_2012Metric"
"J1","1","USB_C_Receptacle_USB2.0","","","","Morten_Library:USB_C_Receptacle_HRO_TYPE-C-31-M-12"
"J2","1","Pin_2x5","","","","Connector_PinHeader_2.54mm:PinHeader_2x05_P2.54mm_Vertical"
"J3","1","Conn_02x03_Odd_Even","","","","Connector_PinHeader_2.54mm:PinHeader_2x03_P2.54mm_Vertical"
"J5","1","Conn_01x04","","","","Connector_PinHeader_2.54mm:PinHeader_1x04_P2.54mm_Vertical"
"J6,J7,J8,J9","4","jst connector","","","","Connector_JST:JST_PH_B3B-PH-K_1x03_P2.00mm_Vertical"
"R1,R2,R8","3","10K","","","","Resistor_SMD:R_0402_1005Metric"
"R3,R4","2","5.1K","","","","Resistor_SMD:R_0402_1005Metric"
"R5","1","1K","","","","Resistor_SMD:R_0402_1005Metric"
"R6,R7,R9","3","33R","","","","Resistor_SMD:R_0402_1005Metric"
"SW1","1","RESET","","","","Button_Switch_SMD:SW_SPST_B3U-1000P"
"SW2","1","BOOT","","","","Button_Switch_SMD:SW_SPST_B3U-1000P"
"SW3","1","USER_SW","","","","Morten_Library:SW_Tactile_SPST_Angled_PTS645Vx31-2LFS"
"U1","1","USBLC6-2SC6","","","","Package_TO_SOT_SMD:SOT-23-6"
"U2","1","ESP32-S3-WROOM-1-N16","","","","Morten_Library:ESP32-S3-WROOM-1"
"U3","1","LM1117-3.3","","","","Package_TO_SOT_SMD:SOT-223-3_TabPin2"
"U4","1","Si7021-A20","","","","Package_DFN_QFN:DFN-6-1EP_3x3mm_P1mm_EP1.5x2.4mm"
"U5,U6","2","74AHCT125","","","","Package_SO:SOIC-14_3.9x8.7mm_P1.27mm"
