Designator,Footprint,Quantity,Value,LCSC Part #
"C1, C3, C8, C9",0402,4,100n,
C2,0603,1,10u,
"C4, C7",0603,2,1u,
"C5, C6",0805,2,22u,
C9X,0402,1,0.1u,
D1,D_SOD-123,1,1N5817,
"D2, D4, D6",D_SOD-923,3,ESD3.3,
D3,0603,1,GREEN,
D5,LED_Cree-PLCC4_3.2x2.8mm_CCW,1,CLV1L-FKB,
"D5X, D7, D8",LED_SK6812_PLCC4_5.0x5.0mm_P3.2mm,3,SK6812,
F1,1206,1,Polyfuse 1A,
FB1,0805,1,BLM21PG220,
"H3_2, H3",MountingHole_3.2mm_M3,2,MountingHole,
J1,USB_C_Receptacle_HRO_TYPE-C-31-M-12,1,USB_C_Receptacle_USB2.0,
J2,PinHeader_2x05_P2.54mm_Vertical,1,Pin_2x5,
J3,PinHeader_2x03_P2.54mm_Vertical,1,Conn_02x03_Odd_Even,
J5,PinHeader_1x04_P2.54mm_Vertical,1,Conn_01x04,
"J6, J7, J8, J9",JST_PH_B3B-PH-K_1x03_P2.00mm_Vertical,4,jst connector,
"R1, R2, R7, R8, R9Y",0402,5,10K,
"R3, R4",0402,2,5.1K,
"R5, R6_2, R7_2, R9",0402,4,1K,
"R6_3, R7_3, R9X",0402,3,33R,
R6,0402,1,2K2,
SW1,SW_SPST_B3U-1000P,1,RESET,
SW2,SW_SPST_B3U-1000P,1,BOOT,
SW3,SW_Tactile_SPST_Angled_PTS645Vx31-2LFS,1,USER_SW,
U1,SOT-23-6,1,USBLC6-2SC6,
U2,ESP32-S3-WROOM-1,1,ESP32-S3-WROOM-1-N16,
U3,SOT-223-3_TabPin2,1,LM1117-3.3,
U4,DFN-6-1EP_3x3mm_P1mm_EP1.5x2.4mm,1,Si7021-A20,
U5_2,SOIC-8_3.9x4.9mm_P1.27mm,1,INA219AxD,
"U5, U6",SOIC-14_3.9x8.7mm_P1.27mm,2,74AHCT125,
