Designator,Mid X,Mid Y,Rotation,Layer
C1,141.8,-126.075,270.0,top
C2,125.15,-88.975,90.0,top
C3,127.05,-89.2,90.0,top
C4,152.7,-117.95,270.0,top
C5,127.975,-134.15,270.0,top
C6,125.675,-134.15,270.0,top
C7,153.395,-107.1,0.0,top
C8,147.585,-112.48,270.0,top
C9,141.7575,-119.835,0.0,top
C9X,189.51,-124.18,270.0,top
D1,131.25,-131.55,90.0,top
D2,155.5,-117.6275,90.0,top
D3,117.3,-125.59,0.0,top
D4,155.77,-124.37,90.0,top
D5,148.95,-123.2,0.0,top
D5X,189.08,-112.34,180.0,top
D6,154.4,-109.2,90.0,top
D7,199.68,-111.93,0.0,top
D8,209.53,-111.55,0.0,top
F1,133.6,-126.75,90.0,top
FB1,131.225,-126.45,270.0,top
J1,138.0,-134.9,0.0,top
J2,121.395,-115.075,0.0,top
J3,155.4,-97.33,90.0,top
J5,131.33,-117.85,180.0,top
J6,198.43,-98.39,0.0,top
J7,118.07,-104.49,0.0,top
J8,159.97,-132.43,270.0,top
J9,197.83,-128.62,0.0,top
R1,125.05,-96.0,0.0,top
R2,152.7,-115.35,270.0,top
R3,145.67,-128.05,0.0,top
R4,145.68,-129.55,0.0,top
R5,120.0,-125.09,270.0,top
R6_3,118.04,-101.13,0.0,top
R6_2,145.19,-123.84,180.0,top
R6,143.16,-114.8,90.0,top
R7_3,156.08,-128.61,270.0,top
R7_2,152.3,-123.9,0.0,top
R7,133.84,-116.56,270.0,top
R8,150.39,-107.1,0.0,top
R9,152.29,-122.5,0.0,top
R9X,194.67,-110.14,90.0,top
R9Y,136.065,-121.095,270.0,top
SW1,159.0,-117.2,270.0,top
SW2,159.1,-123.95,270.0,top
SW3,158.805,-107.38,270.0,top
U1,138.0,-125.5,270.0,top
U2,137.9,-93.8,0.0,top
U3,125.675,-127.575,270.0,top
U4,144.535,-111.93,270.0,top
U5_2,138.39,-115.31,270.0,top
U5,117.705,-95.71,270.0,top
U6,151.41,-132.34,270.0,top
